{

    "metadata" :
    {
        "formatVersion" : 3.1,
        "sourceFile"    : "cone.obj",
        "generatedBy"   : "OBJConverter",
        "vertices"      : 33,
        "faces"         : 62,
        "normals"       : 33,
        "colors"        : 0,
        "uvs"           : 0,
        "materials"     : 1
    },

    "scale" : 1.000000,

    "materials": [	{
	"DbgColor" : 15658734,
	"DbgIndex" : 0,
	"DbgName" : "None"
	}],

    "vertices": [0.000000,-1.000000,-1.000000,0.195090,-1.000000,-0.980785,0.382683,-1.000000,-0.923880,0.555570,-1.000000,-0.831470,0.707107,-1.000000,-0.707107,0.831470,-1.000000,-0.555570,0.923880,-1.000000,-0.382683,0.980785,-1.000000,-0.195090,1.000000,-1.000000,-0.000000,0.000000,1.000000,0.000000,0.980785,-1.000000,0.195090,0.923880,-1.000000,0.382683,0.831470,-1.000000,0.555570,0.707107,-1.000000,0.707107,0.555570,-1.000000,0.831470,0.382683,-1.000000,0.923880,0.195090,-1.000000,0.980785,-0.000000,-1.000000,1.000000,-0.195091,-1.000000,0.980785,-0.382684,-1.000000,0.923879,-0.555571,-1.000000,0.831469,-0.707107,-1.000000,0.707106,-0.831470,-1.000000,0.555570,-0.923880,-1.000000,0.382683,-0.980785,-1.000000,0.195089,-1.000000,-1.000000,-0.000001,-0.980785,-1.000000,-0.195091,-0.923879,-1.000000,-0.382684,-0.831469,-1.000000,-0.555571,-0.707106,-1.000000,-0.707108,-0.555569,-1.000000,-0.831470,-0.382682,-1.000000,-0.923880,-0.195089,-1.000000,-0.980786],

    "morphTargets": [],

    "morphColors": [],

    "normals": [-0.2599,0.4455,-0.8567,0.0878,0.4455,-0.891,-0.422,0.4455,-0.7896,-0.568,0.4455,-0.6921,-0.6921,0.4455,-0.568,-0.7896,0.4455,-0.422,-0.8567,0.4455,-0.2599,-0.891,0.4455,-0.0878,-0.891,0.4455,0.0878,-0.8567,0.4455,0.2599,-0.7896,0.4455,0.422,-0.6921,0.4455,0.568,-0.568,0.4455,0.6921,-0.422,0.4455,0.7896,-0.2599,0.4455,0.8567,-0.0878,0.4455,0.891,0.0878,0.4455,0.891,0.2599,0.4455,0.8567,0.422,0.4455,0.7896,0.568,0.4455,0.6921,0.6921,0.4455,0.568,0.7896,0.4455,0.422,0.8567,0.4455,0.2599,0.891,0.4455,0.0878,0.891,0.4455,-0.0878,0.8567,0.4455,-0.2599,0.7896,0.4455,-0.422,0.6921,0.4455,-0.568,0.568,0.4455,-0.6921,0.422,0.4455,-0.7896,-0.0878,0.4455,-0.891,0.2599,0.4455,-0.8567,0,-1,0],

    "colors": [],

    "uvs": [[]],

    "faces": [34,31,9,32,0,0,0,0,34,0,9,1,0,1,1,1,34,30,9,31,0,2,2,2,34,29,9,30,0,3,3,3,34,28,9,29,0,4,4,4,34,27,9,28,0,5,5,5,34,26,9,27,0,6,6,6,34,25,9,26,0,7,7,7,34,24,9,25,0,8,8,8,34,23,9,24,0,9,9,9,34,22,9,23,0,10,10,10,34,21,9,22,0,11,11,11,34,20,9,21,0,12,12,12,34,19,9,20,0,13,13,13,34,18,9,19,0,14,14,14,34,17,9,18,0,15,15,15,34,16,9,17,0,16,16,16,34,15,9,16,0,17,17,17,34,14,9,15,0,18,18,18,34,13,9,14,0,19,19,19,34,12,9,13,0,20,20,20,34,11,9,12,0,21,21,21,34,10,9,11,0,22,22,22,34,8,9,10,0,23,23,23,34,7,9,8,0,24,24,24,34,6,9,7,0,25,25,25,34,5,9,6,0,26,26,26,34,4,9,5,0,27,27,27,34,3,9,4,0,28,28,28,34,2,9,3,0,29,29,29,34,32,9,0,0,30,30,30,34,1,9,2,0,31,31,31,34,11,32,6,0,32,32,32,34,11,25,29,0,32,32,32,34,31,32,30,0,32,32,32,34,27,28,29,0,32,32,32,34,25,26,27,0,32,32,32,34,32,0,1,0,32,32,32,34,32,29,30,0,32,32,32,34,21,22,20,0,32,32,32,34,17,18,19,0,32,32,32,34,15,16,17,0,32,32,32,34,13,14,15,0,32,32,32,34,11,12,13,0,32,32,32,34,8,10,11,0,32,32,32,34,8,11,7,0,32,32,32,34,4,5,6,0,32,32,32,34,6,2,4,0,32,32,32,34,1,2,32,0,32,32,32,34,25,27,29,0,32,32,32,34,24,25,11,0,32,32,32,34,2,3,4,0,32,32,32,34,17,24,15,0,32,32,32,34,2,6,32,0,32,32,32,34,22,19,20,0,32,32,32,34,19,22,24,0,32,32,32,34,11,6,7,0,32,32,32,34,17,19,24,0,32,32,32,34,15,24,13,0,32,32,32,34,22,23,24,0,32,32,32,34,32,11,29,0,32,32,32,34,13,24,11,0,32,32,32]

}
